Python Programming,Python
Introductory Python,Python
JavaScript,JavaScript
Accelerated JavaScript,JavaScript
JavaScript Fundamentals,JavaScript
Advanced JavaScript and jQuery,JavaScript
React,React
Beginner Python & Math for Data Science - Live Online,Python
Data Science Bootcamp,Data Science
Data Science Diploma,Data Science
Data Science Immersive Bootcamp,Data Science
Data Science with Python,Data Science
Data Science Course,Data Science
Data Analytics,Data Analytics
Data Analytics Online,Data Analytics
Online Data Science Diploma,Data Science
Data Science Online,Data Science
Machine Learning,Machine Learning
Online Machine Learning,Machine Learning
Applied Data Science and Big Data Diploma Program,Data Science
Data Science Full-time Bootcamp,Data Science
Data Science & Machine Learning Bootcamp,Data Science
Introduction to Data Science - Live Online,Data Science
Data Science,Data Science
12-Week Data Science Bootcamp,Data Science
Data Science with Python: Machine Learning,Data Science
Deep Learning,Deep Learning
Data Science with Python: Data Analysis and Visualization,Data Science
Data Science with R: Machine Learning,Data Science
Data Science with R: Data Analysis and Visualization,Data Science
Big Data with Hadoop and Spark,Big Data with Hadoop and Spark
Data Science Certificate,Data Science
Data Analytics Certificate,Data Analytics
Data Science Diploma Program,Data Science
Data Science Career Track,Data Science
Intermediate Data Science,Data Science
Data Science Part Time,Data Science
Data Science Career Track Prep,Data Science
Programming for Data Engineers,Data Engineer
Hadoop for Data Scientists,Data Science
Web Development Diploma,Web Development
Web Development,Web Development
Online Web Development,Web Development
Full-Stack Development,Full-Stack
Accelerated Web Development,Web Development
Web Development Immersive,Web Development
Advanced Web Development,Web Development
Online Web Development Bootcamp,Web Development
Full-Stack Masterclass,Full-Stack
Full-Stack Flex,Full-Stack
Frontend Web Development - Online,Web Development
React Development,React
Full Stack Flex - Online,Full-Stack
Front-End Web Development,Web Development
Digital Marketing Diploma,Digital Marketing
Product Management Online,Product Management
Social Media Marketing,Social Media Marketing
Social Media Marketing Online,Social Media Marketing
Digital Marketing Online,Digital Marketing
Online Social Media Marketing,Social Media Marketing
Digital Marketing,Digital Marketing
Search Engine Marketing,Search Engine Marketing
Online Search Engine Marketing,Search Engine Marketing
Digital Marketing Specialist Co-op,Digital Marketing
Digital Business Management Co-Op,Digital Business Management 
Digital Marketing Diploma Program,Digital Marketing
Search Engine Marketing Certificate,Search Engine Marketing
Digital Marketing Career Track,Digital Marketing
Digital Marketing for Professionals,Digital Marketing
Digital Marketing Remote,Digital Marketing
Product Management Certificate,Product Management
Product Management,Product Management
Online Product Management,Product Management
Cyber Security,Cyber Security
Diploma in Cybersecurity Specialist Co-op,Cyber Security
Cybersecurity Career Track,Cyber Security
Introduction to Cybersecurity,Cyber Security
Online User Experience Design Diploma,User Experience Design
User Interface Design,User Interface Design
User Experience Design Online,User Experience Design
User Experience Design Diploma,User Experience Design
User Experience Design Bootcamp,User Experience Design
User Experience Design Immersive,User Experience Design
User Interface Design Online,User Interface Design
User Interface Design Certificate,User Interface Design
User Experience Design Certificate,User Experience Design
UX & Product Design,UX Design
UX Design Fundamentals,UX Design
Advanced UX Design,UX Design
UX/UI Flex,UX Design
UX/UI Design Immersion,UX Design
UX Career Track,UX Design
User Experience Design Part Time,User Experience Design
User Experience Design Remote,User Experience Design
Applied Business,Applied Business
